{
    "row_nodes": [
        {
            "name": 0,
            "ini": 2,
            "clust": 0,
            "rank": 0,
            "rankvar": 0,
            "group": [1.0, 1.0, 1.0, 1.0, 1.0, 1.0, 1.0, 1.0, 1.0, 1.0, 1.0]
        },
        {
            "name": 1,
            "ini": 1,
            "clust": 1,
            "rank": 1,
            "rankvar": 1,
            "group": [2.0, 2.0, 2.0, 2.0, 2.0, 2.0, 2.0, 2.0, 2.0, 2.0, 1.0]
        }
    ],
    "col_nodes": [
        {
            "name": "a",
            "ini": 2,
            "clust": 0,
            "rank": 0,
            "rankvar": 0,
            "group": [1.0, 1.0, 1.0, 1.0, 1.0, 1.0, 1.0, 1.0, 1.0, 1.0, 1.0]
        },
        {
            "name": "b",
            "ini": 1,
            "clust": 1,
            "rank": 1,
            "rankvar": 1,
            "group": [2.0, 2.0, 2.0, 2.0, 2.0, 2.0, 2.0, 2.0, 2.0, 2.0, 1.0]
        }
    ],
    "links": [],
    "mat": [
        [0.7071067811865475, -0.7071067811865475],
        [-0.7071067811865475, 0.7071067811865475]
    ],
    "cat_colors": { "row": {}, "col": {} },
    "views": [
        {
            "N_row_sum": "all",
            "dist": "cos",
            "nodes": {
                "row_nodes": [
                    {
                        "name": 0,
                        "ini": 2,
                        "clust": 0,
                        "rank": 0,
                        "rankvar": 0,
                        "group": [
                            1.0,
                            1.0,
                            1.0,
                            1.0,
                            1.0,
                            1.0,
                            1.0,
                            1.0,
                            1.0,
                            1.0,
                            1.0
                        ]
                    },
                    {
                        "name": 1,
                        "ini": 1,
                        "clust": 1,
                        "rank": 1,
                        "rankvar": 1,
                        "group": [
                            2.0,
                            2.0,
                            2.0,
                            2.0,
                            2.0,
                            2.0,
                            2.0,
                            2.0,
                            2.0,
                            2.0,
                            1.0
                        ]
                    }
                ],
                "col_nodes": [
                    {
                        "name": "a",
                        "ini": 2,
                        "clust": 0,
                        "rank": 0,
                        "rankvar": 0,
                        "group": [
                            1.0,
                            1.0,
                            1.0,
                            1.0,
                            1.0,
                            1.0,
                            1.0,
                            1.0,
                            1.0,
                            1.0,
                            1.0
                        ]
                    },
                    {
                        "name": "b",
                        "ini": 1,
                        "clust": 1,
                        "rank": 1,
                        "rankvar": 1,
                        "group": [
                            2.0,
                            2.0,
                            2.0,
                            2.0,
                            2.0,
                            2.0,
                            2.0,
                            2.0,
                            2.0,
                            2.0,
                            1.0
                        ]
                    }
                ]
            }
        },
        {
            "N_row_var": "all",
            "dist": "cos",
            "nodes": {
                "row_nodes": [
                    {
                        "name": 0,
                        "ini": 2,
                        "clust": 0,
                        "rank": 0,
                        "rankvar": 0,
                        "group": [
                            1.0,
                            1.0,
                            1.0,
                            1.0,
                            1.0,
                            1.0,
                            1.0,
                            1.0,
                            1.0,
                            1.0,
                            1.0
                        ]
                    },
                    {
                        "name": 1,
                        "ini": 1,
                        "clust": 1,
                        "rank": 1,
                        "rankvar": 1,
                        "group": [
                            2.0,
                            2.0,
                            2.0,
                            2.0,
                            2.0,
                            2.0,
                            2.0,
                            2.0,
                            2.0,
                            2.0,
                            1.0
                        ]
                    }
                ],
                "col_nodes": [
                    {
                        "name": "a",
                        "ini": 2,
                        "clust": 0,
                        "rank": 0,
                        "rankvar": 0,
                        "group": [
                            1.0,
                            1.0,
                            1.0,
                            1.0,
                            1.0,
                            1.0,
                            1.0,
                            1.0,
                            1.0,
                            1.0,
                            1.0
                        ]
                    },
                    {
                        "name": "b",
                        "ini": 1,
                        "clust": 1,
                        "rank": 1,
                        "rankvar": 1,
                        "group": [
                            2.0,
                            2.0,
                            2.0,
                            2.0,
                            2.0,
                            2.0,
                            2.0,
                            2.0,
                            2.0,
                            2.0,
                            1.0
                        ]
                    }
                ]
            }
        }
    ]
}
